{
  "twilightforest:quest_ram_wool": null,
  "tombstone:graves": null,
  "minecraft:brewing_stand": null,
  "minecraft:beehive": null,
  "minecraft:command_block": null,
  "minecraft:jukebox": null,
  "minecraft:lectern": null,
  "minecraft:redstone": null,
  "minecraft:furnace": null,
  "minecraft:chiseled_bookshelf": null,
  "minecraft:animal_owner": null,
  "minecraft:potion_effects": null,
  "minecraft:mob_growth": null,
  "minecraft:mob_breeding": null,
  "minecraft:chicken_egg": null,
  "minecraft:zombie_villager": null,
  "minecraft:block_states": null,
  "minecraft:horse_stats": null,
  "minecraft:item_frame": null,
  "minecraft:tnt_stability": null,
  "minecraft:note_block": null,
  "minecraft:armor_stand": null,
  "minecraft:painting": null,
  "minecraft:harvest_tool": null,
  "minecraft:enchantment_power": null,
  "minecraft:total_enchantment_power": null,
  "minecraft:player_head": null,
  "minecraft:item_ber": null,
  "minecraft:villager_profession": null,
  "minecraft:item_tooltip": null,
  "minecraft:falling_block": null,
  "minecraft:entity_health": null,
  "minecraft:entity_armor": null,
  "minecraft:crop_progress": null,
  "minecraft:mob_spawner": null,
  "minecraft:item_display": null,
  "minecraft:block_display": null,
  "minecraft:item_storage": null,
  "minecraft:fluid_storage": null,
  "minecraft:energy_storage": null,
  "minecraft:progress": null,
  "jade:object_name": null,
  "jade:registry_name": null,
  "jade:mod_name": null,
  "jade:distance": null,
  "jade:block_face": null,
  "ae2:server_data": null,
  "ae2:charger": null,
  "ae2:crafting_monitor": null,
  "ae2:pattern_provider": null,
  "ae2:power_storage": null,
  "ae2:grid_node_state": null,
  "ae2:debug": null,
  "ae2:part_name": null,
  "ae2:part_icon": null,
  "ae2:part_tooltip": null,
  "ae2:part_mod_name": null,
  "fluiddrawerslegacy:controller": null,
  "fluiddrawerslegacy:controller_slave": null,
  "fluiddrawerslegacy:fluiddrawer": null,
  "waystones:waystone": null,
  "pneumaticcraft:pneumatic": null,
  "pneumaticcraft:semiblock": null,
  "pneumaticcraft:redstone": null,
  "pneumaticcraft:tube_module": null,
  "pneumaticcraft:entity": null,
  "pneumaticcraft:camo": null,
  "avaritia:compressor_jade": null,
  "extendedcrafting:crafting_core": null,
  "extendedcrafting:basic_table": null,
  "extendedcrafting:advanced_table": null,
  "extendedcrafting:elite_table": null,
  "extendedcrafting:ultimate_table": null,
  "extendedcrafting:basic_auto_table": null,
  "extendedcrafting:advanced_auto_table": null,
  "extendedcrafting:elite_auto_table": null,
  "extendedcrafting:ultimate_auto_table": null,
  "extendedcrafting:ender_crafter": null,
  "extendedcrafting:auto_ender_crafter": null,
  "extendedcrafting:flux_crafter": null,
  "extendedcrafting:compressor": null,
  "tombstone:graves": null,
  "pneumaticcraft:pneumatic": null,
  "pneumaticcraft:semiblock": null,
  "pneumaticcraft:redstone": null,
  "pneumaticcraft:tube_module": null,
  "pneumaticcraft:entity": null,
  "pneumaticcraft:camo": null,
  "extendedcrafting:crafting_core": null,
  "extendedcrafting:basic_table": null,
  "extendedcrafting:advanced_table": null,
  "extendedcrafting:elite_table": null,
  "extendedcrafting:ultimate_table": null,
  "extendedcrafting:basic_auto_table": null,
  "extendedcrafting:advanced_auto_table": null,
  "extendedcrafting:elite_auto_table": null,
  "extendedcrafting:ultimate_auto_table": null,
  "extendedcrafting:ender_crafter": null,
  "extendedcrafting:auto_ender_crafter": null,
  "extendedcrafting:flux_crafter": null,
  "extendedcrafting:compressor": null,
  "twilightforest:quest_ram_wool": null,
  "waystones:waystone": null,
  "avaritia:compressor_jade": null,
  "minecraft:brewing_stand": null,
  "minecraft:beehive": null,
  "minecraft:command_block": null,
  "minecraft:jukebox": null,
  "minecraft:lectern": null,
  "minecraft:redstone": null,
  "minecraft:furnace": null,
  "minecraft:chiseled_bookshelf": null,
  "minecraft:animal_owner": null,
  "minecraft:potion_effects": null,
  "minecraft:mob_growth": null,
  "minecraft:mob_breeding": null,
  "minecraft:chicken_egg": null,
  "minecraft:zombie_villager": null,
  "minecraft:block_states": null,
  "minecraft:horse_stats": null,
  "minecraft:item_frame": null,
  "minecraft:tnt_stability": null,
  "minecraft:note_block": null,
  "minecraft:armor_stand": null,
  "minecraft:painting": null,
  "minecraft:harvest_tool": null,
  "minecraft:enchantment_power": null,
  "minecraft:total_enchantment_power": null,
  "minecraft:player_head": null,
  "minecraft:item_ber": null,
  "minecraft:villager_profession": null,
  "minecraft:item_tooltip": null,
  "minecraft:falling_block": null,
  "minecraft:entity_health": null,
  "minecraft:entity_armor": null,
  "minecraft:crop_progress": null,
  "minecraft:mob_spawner": null,
  "minecraft:item_display": null,
  "minecraft:block_display": null,
  "minecraft:item_storage": null,
  "minecraft:fluid_storage": null,
  "minecraft:energy_storage": null,
  "minecraft:progress": null,
  "jade:object_name": null,
  "jade:registry_name": null,
  "jade:mod_name": null,
  "jade:distance": null,
  "jade:block_face": null,
  "ae2:server_data": null,
  "ae2:charger": null,
  "ae2:crafting_monitor": null,
  "ae2:pattern_provider": null,
  "ae2:power_storage": null,
  "ae2:grid_node_state": null,
  "ae2:debug": null,
  "ae2:part_name": null,
  "ae2:part_icon": null,
  "ae2:part_tooltip": null,
  "ae2:part_mod_name": null,
  "fluiddrawerslegacy:controller": null,
  "fluiddrawerslegacy:controller_slave": null,
  "fluiddrawerslegacy:fluiddrawer": null
}