{
  "oreMultiplier": 1,
  "ores": [
    {
      "ore_size": 4,
      "discard_on_air_chance": 0.75,
      "modifiers": [
        {
          "count": 5,
          "type": "minecraft:count"
        },
        {
          "type": "minecraft:in_square"
        },
        {
          "height": {
            "min_inclusive": {
              "above_bottom": -64
            },
            "max_inclusive": {
              "absolute": 128
            },
            "type": "minecraft:trapezoid"
          },
          "type": "minecraft:height_range"
        },
        {
          "type": "minecraft:biome"
        }
      ],
      "targets": [
        {
          "target": {
            "block": "minecraft:end_stone",
            "predicate_type": "minecraft:block_match"
          },
          "state": {
            "Name": "enderite:enderite_ore"
          }
        }
      ]
    },
    {
      "ore_size": 8,
      "discard_on_air_chance": 1.0,
      "modifiers": [
        {
          "count": 4,
          "type": "minecraft:count"
        },
        {
          "type": "minecraft:in_square"
        },
        {
          "height": {
            "min_inclusive": {
              "above_bottom": -64
            },
            "max_inclusive": {
              "absolute": 128
            },
            "type": "minecraft:trapezoid"
          },
          "type": "minecraft:height_range"
        },
        {
          "type": "minecraft:biome"
        }
      ],
      "targets": [
        {
          "target": {
            "block": "minecraft:end_stone",
            "predicate_type": "minecraft:block_match"
          },
          "state": {
            "Name": "enderite:enderite_ore"
          }
        }
      ]
    },
    {
      "ore_size": 9,
      "discard_on_air_chance": 0.0,
      "modifiers": [
        {
          "count": 10,
          "type": "minecraft:count"
        },
        {
          "type": "minecraft:in_square"
        },
        {
          "height": {
            "min_inclusive": {
              "absolute": 5
            },
            "max_inclusive": {
              "absolute": 200
            },
            "type": "minecraft:uniform"
          },
          "type": "minecraft:height_range"
        }
      ],
      "targets": [
        {
          "target": {
            "tag": "forge:end_stones",
            "predicate_type": "minecraft:tag_match"
          },
          "state": {
            "Name": "bigreactors:anglesite_ore"
          }
        }
      ]
    }
  ]
}