{"cachedSettings":{"net/minecraft/client/gui/screens/inventory/ContainerScreen_large":{"slotX":54,"slotY":111,"anchorX":0.5,"anchorY":0.5,"isEnabled":false},"net/minecraft/client/gui/screens/inventory/HopperScreen":{"slotX":60,"slotY":66,"anchorX":0.5,"anchorY":0.5,"isEnabled":false},"net/minecraft/client/gui/screens/inventory/BrewingStandScreen":{"slotX":60,"slotY":83,"anchorX":0.5,"anchorY":0.5,"isEnabled":false},"lain/mods/cos/impl/client/gui/GuiCosArmorInventory":{"slotX":60,"slotY":83,"anchorX":0.5,"anchorY":0.5,"isEnabled":false},"net/minecraft/client/gui/screens/inventory/AnvilScreen":{"slotX":60,"slotY":83,"anchorX":0.5,"anchorY":0.5,"isEnabled":false},"com/jaquadro/minecraft/storagedrawers/inventory/DrawerScreen$Slot4":{"slotX":60,"slotY":99,"anchorX":0.5,"anchorY":0.5,"isEnabled":false},"net/minecraft/client/gui/screens/inventory/ContainerScreen":{"slotX":60,"slotY":84,"anchorX":0.5,"anchorY":0.5,"isEnabled":true},"net/minecraft/client/gui/screens/inventory/InventoryScreen":{"slotX":60,"slotY":83,"anchorX":0.5,"anchorY":0.5,"isEnabled":false},"net/minecraft/client/gui/screens/inventory/MerchantScreen":{"slotX":110,"slotY":83,"anchorX":0.5,"anchorY":0.5,"isEnabled":false},"top/theillusivec4/curios/client/gui/CuriosScreen":{"slotX":60,"slotY":83,"anchorX":0.5,"anchorY":0.5,"isEnabled":false},"net/minecraft/client/gui/screens/inventory/CraftingScreen":{"slotX":60,"slotY":83,"anchorX":0.5,"anchorY":0.5,"isEnabled":true},"dev/xkmc/l2tabs/compat/CuriosListScreen":{"slotX":60,"slotY":110,"anchorX":0.5,"anchorY":0.5,"isEnabled":false},"net/darkhax/botanypots/block/inv/BotanyPotScreen":{"slotX":60,"slotY":83,"anchorX":0.5,"anchorY":0.5,"isEnabled":false},"net/minecraft/client/gui/screens/inventory/FurnaceScreen":{"slotX":60,"slotY":83,"anchorX":0.5,"anchorY":0.5,"isEnabled":false},"net/p3pp3rf1y/sophisticatedbackpacks/client/gui/BackpackScreen":{"slotX":60,"slotY":84,"anchorX":0.5,"anchorY":0.5,"isEnabled":false},"com/tiviacz/travelersbackpack/client/screens/TravelersBackpackScreen":{"slotX":96,"slotY":76,"anchorX":0.5,"anchorY":0.5,"isEnabled":false},"com/hrznstudio/titanium/client/screen/container/BasicAddonScreen":{"slotX":60,"slotY":92,"anchorX":0.5,"anchorY":0.5,"isEnabled":false},"net/minecraft/client/gui/screens/inventory/BlastFurnaceScreen":{"slotX":60,"slotY":83,"anchorX":0.5,"anchorY":0.5,"isEnabled":false},"net/minecraft/client/gui/screens/inventory/HorseInventoryScreen":{"slotX":60,"slotY":83,"anchorX":0.5,"anchorY":0.5,"isEnabled":false}}}