{
    "ModSettings": {
        "highlight_foused_items": {
            "value": false
        },
        "highlight_foused_items_foreground": false,
        "enable_auto_refill": {
            "value": false
        },
        "villager_trading_group_1": {
            "value": true
        },
        "villager_trading_group_2": {
            "value": true
        },
        "restock_hotbar": {
            "value": true
        },
        "for_modpack_devs": true,
        "first_run": false
    },
    "GuiSettings": {
        "enable_inventory_editor_button": {
            "value": false
        },
        "show_continuous_crafting_checkbox": {
            "value": false
        },
        "continuous_crafting_saved_value": false,
        "show_regular_sort_button": {
            "value": false
        },
        "show_sort_in_columns_button": {
            "value": false
        },
        "show_sort_in_rows_button": {
            "value": false
        },
        "show_move_all_button": {
            "value": false
        }
    },
    "LockedSlotsSettings": {
        "locked_slots_empty_hotbar_blacklist": ""
    },
    "AutoRefillSettings": {
        "visual_durability_notification": {
            "value": false
        },
        "audio_durability_notification": {
            "value": false
        },
        "number_of_notifications": 1,
        "visual_replace_success_notification": {
            "value": false
        },
        "audio_replace_success_notification": {
            "value": false
        },
        "visual_replace_failed_notification": {
            "value": false
        },
        "audio_replace_failed_notification": {
            "value": false
        }
    }
}