[
  {
    "name": {
      "text": "Crap",
      "isTranslationKey": false
    },
    "colour": "RED",
    "weights": [
      50,
      50,
      50,
      5,
      0
    ],
    "groups": []
  },
  {
    "name": {
      "text": "Plain",
      "isTranslationKey": false
    },
    "colour": "GRAY",
    "weights": [
      50,
      50,
      50,
      30,
      10
    ],
    "groups": []
  },
  {
    "name": {
      "text": "Common",
      "isTranslationKey": false
    },
    "colour": "GREEN",
    "weights": [
      20,
      30,
      40,
      30,
      20
    ],
    "groups": []
  },
  {
    "name": {
      "text": "Uncommon",
      "isTranslationKey": false
    },
    "colour": "BLUE",
    "weights": [
      5,
      10,
      15,
      20,
      25
    ],
    "groups": []
  },
  {
    "name": {
      "text": "Rare",
      "isTranslationKey": false
    },
    "colour": "ORANGE",
    "weights": [
      3,
      6,
      12,
      18,
      21
    ],
    "groups": []
  },
  {
    "name": {
      "text": "Unique",
      "isTranslationKey": false
    },
    "colour": "PURPLE",
    "weights": [
      1,
      2,
      3,
      4,
      30
    ],
    "groups": []
  },
  {
    "name": {
      "text": "New Tier",
      "isTranslationKey": false
    },
    "colour": "BLACK",
    "weights": [
      0,
      0,
      0,
      0,
      0
    ],
    "groups": []
  },
  {
    "name": {
      "text": "New Tier",
      "isTranslationKey": false
    },
    "colour": "BLACK",
    "weights": [
      0,
      0,
      0,
      0,
      0
    ],
    "groups": []
  }
]