[
  {
    "inputItem": "industrialforegoing:latex_processing_unit:1",
    "outputItems": [
      "minecraft:iron_ingot:4",
      "minecraft:redstone_block:1",
      "minecraft:water_bucket:1",
      "industrialforegoing:machine_frame_pity:1",
      "industrialforegoing:latex_bucket:1",
      "minecraft:furnace:1"
    ]
  },
  {
    "inputItem": "biomesoplenty:rose_quartz_block:1",
    "outputItems": [
      "biomesoplenty:rose_quartz_chunk:4"
    ]
  },
  {
    "inputItem": "minecraft:oak_log:9",
    "outputItems": [
      "ya_suo:yasuomu_1:1"
    ]
  },
  {
    "inputItem": "ya_suo:yasuomu_1:1",
    "outputItems": [
      "twilightforest:dark_log:9"
    ]
  }
]