{
  "oreMultiplier": 1,
  "ores": [
    {
      "ore_size": 7,
      "discard_on_air_chance": 0.0,
      "modifiers": [
        {
          "count": 2,
          "type": "minecraft:count"
        },
        {
          "type": "minecraft:in_square"
        },
        {
          "height": {
            "min_inclusive": {
              "absolute": -32
            },
            "max_inclusive": {
              "absolute": 32
            },
            "type": "minecraft:trapezoid"
          },
          "type": "minecraft:height_range"
        },
        {
          "type": "minecraft:biome"
        }
      ],
      "targets": [
        {
          "target": {
            "tag": "minecraft:stone_ore_replaceables",
            "predicate_type": "minecraft:tag_match"
          },
          "state": {
            "Name": "minecraft:lapis_ore"
          }
        },
        {
          "target": {
            "tag": "minecraft:deepslate_ore_replaceables",
            "predicate_type": "minecraft:tag_match"
          },
          "state": {
            "Name": "minecraft:deepslate_lapis_ore"
          }
        }
      ]
    },
    {
      "ore_size": 33,
      "discard_on_air_chance": 0.0,
      "modifiers": [
        {
          "count": 14,
          "type": "minecraft:count"
        },
        {
          "type": "minecraft:in_square"
        },
        {
          "height": {
            "min_inclusive": {
              "above_bottom": 0
            },
            "max_inclusive": {
              "below_top": 0
            },
            "type": "minecraft:uniform"
          },
          "type": "minecraft:height_range"
        },
        {
          "type": "minecraft:biome"
        }
      ],
      "targets": [
        {
          "target": {
            "tag": "minecraft:base_stone_overworld",
            "predicate_type": "minecraft:tag_match"
          },
          "state": {
            "Name": "minecraft:gravel"
          }
        }
      ]
    },
    {
      "ore_size": 10,
      "discard_on_air_chance": 0.0,
      "modifiers": [
        {
          "count": 16,
          "type": "minecraft:count"
        },
        {
          "type": "minecraft:in_square"
        },
        {
          "height": {
            "min_inclusive": {
              "absolute": -16
            },
            "max_inclusive": {
              "absolute": 112
            },
            "type": "minecraft:trapezoid"
          },
          "type": "minecraft:height_range"
        },
        {
          "type": "minecraft:biome"
        }
      ],
      "targets": [
        {
          "target": {
            "tag": "minecraft:stone_ore_replaceables",
            "predicate_type": "minecraft:tag_match"
          },
          "state": {
            "Name": "minecraft:copper_ore"
          }
        },
        {
          "target": {
            "tag": "minecraft:deepslate_ore_replaceables",
            "predicate_type": "minecraft:tag_match"
          },
          "state": {
            "Name": "minecraft:deepslate_copper_ore"
          }
        }
      ]
    },
    {
      "ore_size": 5,
      "discard_on_air_chance": 0.0,
      "modifiers": [
        {
          "count": 3,
          "type": "minecraft:count"
        },
        {
          "type": "minecraft:in_square"
        },
        {
          "height": {
            "min_inclusive": {
              "absolute": -40
            },
            "max_inclusive": {
              "absolute": 14
            },
            "type": "minecraft:trapezoid"
          },
          "type": "minecraft:height_range"
        },
        {
          "type": "minecraft:biome"
        }
      ],
      "targets": [
        {
          "target": {
            "tag": "minecraft:stone_ore_replaceables",
            "predicate_type": "minecraft:tag_match"
          },
          "state": {
            "Name": "forbidden_arcanus:arcane_crystal_ore"
          }
        },
        {
          "target": {
            "tag": "minecraft:deepslate_ore_replaceables",
            "predicate_type": "minecraft:tag_match"
          },
          "state": {
            "Name": "forbidden_arcanus:deepslate_arcane_crystal_ore"
          }
        }
      ]
    },
    {
      "ore_size": 7,
      "discard_on_air_chance": 0.0,
      "modifiers": [
        {
          "count": 10,
          "type": "minecraft:count"
        },
        {
          "height": {
            "min_inclusive": {
              "above_bottom": 108
            },
            "max_inclusive": {
              "below_top": 236
            },
            "type": "minecraft:trapezoid"
          },
          "type": "minecraft:height_range"
        },
        {
          "type": "minecraft:in_square"
        },
        {
          "type": "minecraft:biome"
        }
      ],
      "targets": [
        {
          "target": {
            "tag": "minecraft:stone_ore_replaceables",
            "predicate_type": "minecraft:tag_match"
          },
          "state": {
            "Name": "simpleores:tin_ore"
          }
        },
        {
          "target": {
            "tag": "minecraft:deepslate_ore_replaceables",
            "predicate_type": "minecraft:tag_match"
          },
          "state": {
            "Name": "simpleores:deepslate_tin_ore"
          }
        }
      ]
    },
    {
      "ore_size": 64,
      "discard_on_air_chance": 0.0,
      "modifiers": [
        {
          "count": 2,
          "type": "minecraft:count"
        },
        {
          "type": "minecraft:in_square"
        },
        {
          "height": {
            "min_inclusive": {
              "above_bottom": 0
            },
            "max_inclusive": {
              "absolute": 0
            },
            "type": "minecraft:uniform"
          },
          "type": "minecraft:height_range"
        },
        {
          "type": "minecraft:biome"
        }
      ],
      "targets": [
        {
          "target": {
            "tag": "minecraft:base_stone_overworld",
            "predicate_type": "minecraft:tag_match"
          },
          "state": {
            "Name": "minecraft:tuff"
          }
        }
      ]
    },
    {
      "ore_size": 9,
      "discard_on_air_chance": 0.5,
      "modifiers": [
        {
          "count": {
            "type": "minecraft:uniform",
            "value": {
              "min_inclusive": 0,
              "max_inclusive": 1
            }
          },
          "type": "minecraft:count"
        },
        {
          "type": "minecraft:in_square"
        },
        {
          "height": {
            "min_inclusive": {
              "absolute": -64
            },
            "max_inclusive": {
              "absolute": -48
            },
            "type": "minecraft:uniform"
          },
          "type": "minecraft:height_range"
        },
        {
          "type": "minecraft:biome"
        }
      ],
      "targets": [
        {
          "target": {
            "tag": "minecraft:stone_ore_replaceables",
            "predicate_type": "minecraft:tag_match"
          },
          "state": {
            "Name": "minecraft:gold_ore"
          }
        },
        {
          "target": {
            "tag": "minecraft:deepslate_ore_replaceables",
            "predicate_type": "minecraft:tag_match"
          },
          "state": {
            "Name": "minecraft:deepslate_gold_ore"
          }
        }
      ]
    },
    {
      "ore_size": 4,
      "discard_on_air_chance": 0.5,
      "modifiers": [
        {
          "count": 7,
          "type": "minecraft:count"
        },
        {
          "type": "minecraft:in_square"
        },
        {
          "height": {
            "min_inclusive": {
              "above_bottom": -80
            },
            "max_inclusive": {
              "above_bottom": 80
            },
            "type": "minecraft:trapezoid"
          },
          "type": "minecraft:height_range"
        },
        {
          "type": "minecraft:biome"
        }
      ],
      "targets": [
        {
          "target": {
            "tag": "minecraft:stone_ore_replaceables",
            "predicate_type": "minecraft:tag_match"
          },
          "state": {
            "Name": "minecraft:diamond_ore"
          }
        },
        {
          "target": {
            "tag": "minecraft:deepslate_ore_replaceables",
            "predicate_type": "minecraft:tag_match"
          },
          "state": {
            "Name": "minecraft:deepslate_diamond_ore"
          }
        }
      ]
    },
    {
      "ore_size": 13,
      "discard_on_air_chance": 1.0,
      "modifiers": [
        {
          "oreVeinType": {
            "type": "fluorite",
            "index": 1
          },
          "retroGen": false,
          "type": "mekanism:disableable"
        },
        {
          "count": {
            "oreVeinType": {
              "type": "fluorite",
              "index": 1
            },
            "type": "mekanism:configurable_constant"
          },
          "type": "minecraft:count"
        },
        {
          "type": "minecraft:in_square"
        },
        {
          "height": {
            "oreVeinType": {
              "type": "fluorite",
              "index": 1
            },
            "type": "mekanism:configurable"
          },
          "type": "minecraft:height_range"
        },
        {
          "type": "minecraft:biome"
        }
      ],
      "targets": [
        {
          "target": {
            "tag": "minecraft:stone_ore_replaceables",
            "predicate_type": "minecraft:tag_match"
          },
          "state": {
            "Name": "mekanism:fluorite_ore"
          }
        },
        {
          "target": {
            "tag": "minecraft:deepslate_ore_replaceables",
            "predicate_type": "minecraft:tag_match"
          },
          "state": {
            "Name": "mekanism:deepslate_fluorite_ore"
          }
        }
      ]
    },
    {
      "ore_size": 4,
      "discard_on_air_chance": 0.0,
      "modifiers": [
        {
          "oreVeinType": {
            "type": "osmium",
            "index": 2
          },
          "retroGen": false,
          "type": "mekanism:disableable"
        },
        {
          "count": {
            "oreVeinType": {
              "type": "osmium",
              "index": 2
            },
            "type": "mekanism:configurable_constant"
          },
          "type": "minecraft:count"
        },
        {
          "type": "minecraft:in_square"
        },
        {
          "height": {
            "oreVeinType": {
              "type": "osmium",
              "index": 2
            },
            "type": "mekanism:configurable"
          },
          "type": "minecraft:height_range"
        },
        {
          "type": "minecraft:biome"
        }
      ],
      "targets": [
        {
          "target": {
            "tag": "minecraft:stone_ore_replaceables",
            "predicate_type": "minecraft:tag_match"
          },
          "state": {
            "Name": "mekanism:osmium_ore"
          }
        },
        {
          "target": {
            "tag": "minecraft:deepslate_ore_replaceables",
            "predicate_type": "minecraft:tag_match"
          },
          "state": {
            "Name": "mekanism:deepslate_osmium_ore"
          }
        }
      ]
    },
    {
      "ore_size": 64,
      "discard_on_air_chance": 0.0,
      "modifiers": [
        {
          "count": 2,
          "type": "minecraft:count"
        },
        {
          "type": "minecraft:in_square"
        },
        {
          "height": {
            "min_inclusive": {
              "absolute": 0
            },
            "max_inclusive": {
              "absolute": 60
            },
            "type": "minecraft:uniform"
          },
          "type": "minecraft:height_range"
        },
        {
          "type": "minecraft:biome"
        }
      ],
      "targets": [
        {
          "target": {
            "tag": "minecraft:base_stone_overworld",
            "predicate_type": "minecraft:tag_match"
          },
          "state": {
            "Name": "minecraft:diorite"
          }
        }
      ]
    },
    {
      "ore_size": 4,
      "discard_on_air_chance": 0.0,
      "modifiers": [
        {
          "count": 8,
          "type": "minecraft:count"
        },
        {
          "height": {
            "min_inclusive": {
              "above_bottom": 1
            },
            "max_inclusive": {
              "above_bottom": 96
            },
            "type": "minecraft:trapezoid"
          },
          "type": "minecraft:height_range"
        },
        {
          "type": "minecraft:in_square"
        },
        {
          "type": "minecraft:biome"
        }
      ],
      "targets": [
        {
          "target": {
            "tag": "minecraft:stone_ore_replaceables",
            "predicate_type": "minecraft:tag_match"
          },
          "state": {
            "Name": "simpleores:mythril_ore"
          }
        },
        {
          "target": {
            "tag": "minecraft:deepslate_ore_replaceables",
            "predicate_type": "minecraft:tag_match"
          },
          "state": {
            "Name": "simpleores:deepslate_mythril_ore"
          }
        }
      ]
    },
    {
      "ore_size": 9,
      "discard_on_air_chance": 0.5,
      "modifiers": [
        {
          "count": 4,
          "type": "minecraft:count"
        },
        {
          "type": "minecraft:in_square"
        },
        {
          "height": {
            "min_inclusive": {
              "absolute": -64
            },
            "max_inclusive": {
              "absolute": 32
            },
            "type": "minecraft:trapezoid"
          },
          "type": "minecraft:height_range"
        },
        {
          "type": "minecraft:biome"
        }
      ],
      "targets": [
        {
          "target": {
            "tag": "minecraft:stone_ore_replaceables",
            "predicate_type": "minecraft:tag_match"
          },
          "state": {
            "Name": "minecraft:gold_ore"
          }
        },
        {
          "target": {
            "tag": "minecraft:deepslate_ore_replaceables",
            "predicate_type": "minecraft:tag_match"
          },
          "state": {
            "Name": "minecraft:deepslate_gold_ore"
          }
        }
      ]
    },
    {
      "ore_size": 9,
      "discard_on_air_chance": 0.25,
      "modifiers": [
        {
          "oreVeinType": {
            "type": "lead",
            "index": 0
          },
          "retroGen": false,
          "type": "mekanism:disableable"
        },
        {
          "count": {
            "oreVeinType": {
              "type": "lead",
              "index": 0
            },
            "type": "mekanism:configurable_constant"
          },
          "type": "minecraft:count"
        },
        {
          "type": "minecraft:in_square"
        },
        {
          "height": {
            "oreVeinType": {
              "type": "lead",
              "index": 0
            },
            "type": "mekanism:configurable"
          },
          "type": "minecraft:height_range"
        },
        {
          "type": "minecraft:biome"
        }
      ],
      "targets": [
        {
          "target": {
            "tag": "minecraft:stone_ore_replaceables",
            "predicate_type": "minecraft:tag_match"
          },
          "state": {
            "Name": "mekanism:lead_ore"
          }
        },
        {
          "target": {
            "tag": "minecraft:deepslate_ore_replaceables",
            "predicate_type": "minecraft:tag_match"
          },
          "state": {
            "Name": "mekanism:deepslate_lead_ore"
          }
        }
      ]
    },
    {
      "ore_size": 9,
      "discard_on_air_chance": 0.75,
      "modifiers": [
        {
          "oreVeinType": {
            "type": "uranium",
            "index": 1
          },
          "retroGen": false,
          "type": "mekanism:disableable"
        },
        {
          "count": {
            "oreVeinType": {
              "type": "uranium",
              "index": 1
            },
            "type": "mekanism:configurable_constant"
          },
          "type": "minecraft:count"
        },
        {
          "type": "minecraft:in_square"
        },
        {
          "height": {
            "oreVeinType": {
              "type": "uranium",
              "index": 1
            },
            "type": "mekanism:configurable"
          },
          "type": "minecraft:height_range"
        },
        {
          "type": "minecraft:biome"
        }
      ],
      "targets": [
        {
          "target": {
            "tag": "minecraft:stone_ore_replaceables",
            "predicate_type": "minecraft:tag_match"
          },
          "state": {
            "Name": "mekanism:uranium_ore"
          }
        },
        {
          "target": {
            "tag": "minecraft:deepslate_ore_replaceables",
            "predicate_type": "minecraft:tag_match"
          },
          "state": {
            "Name": "mekanism:deepslate_uranium_ore"
          }
        }
      ]
    },
    {
      "ore_size": 3,
      "discard_on_air_chance": 0.0,
      "modifiers": [
        {
          "count": 3,
          "type": "minecraft:count"
        },
        {
          "type": "minecraft:in_square"
        },
        {
          "height": {
            "min_inclusive": {
              "absolute": -64
            },
            "max_inclusive": {
              "absolute": 2
            },
            "type": "minecraft:uniform"
          },
          "type": "minecraft:height_range"
        },
        {
          "type": "minecraft:biome"
        }
      ],
      "targets": [
        {
          "target": {
            "tag": "minecraft:stone_ore_replaceables",
            "predicate_type": "minecraft:tag_match"
          },
          "state": {
            "Name": "forbidden_arcanus:runic_stone"
          }
        },
        {
          "target": {
            "tag": "minecraft:deepslate_ore_replaceables",
            "predicate_type": "minecraft:tag_match"
          },
          "state": {
            "Name": "forbidden_arcanus:runic_deepslate"
          }
        },
        {
          "target": {
            "block": "forbidden_arcanus:darkstone",
            "predicate_type": "minecraft:block_match"
          },
          "state": {
            "Name": "forbidden_arcanus:runic_darkstone"
          }
        }
      ]
    },
    {
      "ore_size": 9,
      "discard_on_air_chance": 0.0,
      "modifiers": [
        {
          "count": 5,
          "type": "minecraft:count"
        },
        {
          "type": "minecraft:in_square"
        },
        {
          "height": {
            "min_inclusive": {
              "absolute": 0
            },
            "max_inclusive": {
              "absolute": 32
            },
            "type": "minecraft:uniform"
          },
          "type": "minecraft:height_range"
        }
      ],
      "targets": [
        {
          "target": {
            "tag": "minecraft:stone_ore_replaceables",
            "predicate_type": "minecraft:tag_match"
          },
          "state": {
            "Name": "bigreactors:yellorite_ore"
          }
        }
      ]
    },
    {
      "ore_size": 4,
      "discard_on_air_chance": 0.0,
      "modifiers": [
        {
          "count": 10,
          "type": "minecraft:count"
        },
        {
          "type": "minecraft:in_square"
        },
        {
          "height": {
            "min_inclusive": {
              "above_bottom": 0
            },
            "max_inclusive": {
              "absolute": 72
            },
            "type": "minecraft:uniform"
          },
          "type": "minecraft:height_range"
        },
        {
          "type": "minecraft:biome"
        }
      ],
      "targets": [
        {
          "target": {
            "tag": "minecraft:stone_ore_replaceables",
            "predicate_type": "minecraft:tag_match"
          },
          "state": {
            "Name": "minecraft:iron_ore"
          }
        },
        {
          "target": {
            "tag": "minecraft:deepslate_ore_replaceables",
            "predicate_type": "minecraft:tag_match"
          },
          "state": {
            "Name": "minecraft:deepslate_iron_ore"
          }
        }
      ]
    },
    {
      "ore_size": 17,
      "discard_on_air_chance": 0.0,
      "modifiers": [
        {
          "count": 30,
          "type": "minecraft:count"
        },
        {
          "type": "minecraft:in_square"
        },
        {
          "height": {
            "min_inclusive": {
              "absolute": 136
            },
            "max_inclusive": {
              "below_top": 0
            },
            "type": "minecraft:uniform"
          },
          "type": "minecraft:height_range"
        },
        {
          "type": "minecraft:biome"
        }
      ],
      "targets": [
        {
          "target": {
            "tag": "minecraft:stone_ore_replaceables",
            "predicate_type": "minecraft:tag_match"
          },
          "state": {
            "Name": "minecraft:coal_ore"
          }
        },
        {
          "target": {
            "tag": "minecraft:deepslate_ore_replaceables",
            "predicate_type": "minecraft:tag_match"
          },
          "state": {
            "Name": "minecraft:deepslate_coal_ore"
          }
        }
      ]
    },
    {
      "ore_size": 8,
      "discard_on_air_chance": 1.0,
      "modifiers": [
        {
          "count": 4,
          "type": "minecraft:count"
        },
        {
          "type": "minecraft:in_square"
        },
        {
          "height": {
            "min_inclusive": {
              "above_bottom": -80
            },
            "max_inclusive": {
              "above_bottom": 80
            },
            "type": "minecraft:trapezoid"
          },
          "type": "minecraft:height_range"
        },
        {
          "type": "minecraft:biome"
        }
      ],
      "targets": [
        {
          "target": {
            "tag": "minecraft:stone_ore_replaceables",
            "predicate_type": "minecraft:tag_match"
          },
          "state": {
            "Name": "minecraft:diamond_ore"
          }
        },
        {
          "target": {
            "tag": "minecraft:deepslate_ore_replaceables",
            "predicate_type": "minecraft:tag_match"
          },
          "state": {
            "Name": "minecraft:deepslate_diamond_ore"
          }
        }
      ]
    },
    {
      "ore_size": 20,
      "discard_on_air_chance": 0.0,
      "modifiers": [
        {
          "count": 28,
          "type": "minecraft:count"
        },
        {
          "type": "minecraft:in_square"
        },
        {
          "height": {
            "min_inclusive": {
              "above_bottom": 0
            },
            "max_inclusive": {
              "above_bottom": 13
            },
            "type": "minecraft:uniform"
          },
          "type": "minecraft:height_range"
        },
        {
          "type": "minecraft:biome"
        }
      ],
      "targets": [
        {
          "target": {
            "tag": "minecraft:stone_ore_replaceables",
            "predicate_type": "minecraft:tag_match"
          },
          "state": {
            "Name": "forbidden_arcanus:darkstone"
          }
        },
        {
          "target": {
            "tag": "minecraft:deepslate_ore_replaceables",
            "predicate_type": "minecraft:tag_match"
          },
          "state": {
            "Name": "forbidden_arcanus:darkstone"
          }
        }
      ]
    },
    {
      "ore_size": 64,
      "discard_on_air_chance": 0.0,
      "modifiers": [
        {
          "chance": 6,
          "type": "minecraft:rarity_filter"
        },
        {
          "type": "minecraft:in_square"
        },
        {
          "height": {
            "min_inclusive": {
              "absolute": 64
            },
            "max_inclusive": {
              "absolute": 128
            },
            "type": "minecraft:uniform"
          },
          "type": "minecraft:height_range"
        },
        {
          "type": "minecraft:biome"
        }
      ],
      "targets": [
        {
          "target": {
            "tag": "minecraft:base_stone_overworld",
            "predicate_type": "minecraft:tag_match"
          },
          "state": {
            "Name": "minecraft:andesite"
          }
        }
      ]
    },
    {
      "ore_size": 8,
      "discard_on_air_chance": 0.0,
      "modifiers": [
        {
          "count": 4,
          "type": "minecraft:count"
        },
        {
          "type": "minecraft:in_square"
        },
        {
          "height": {
            "min_inclusive": {
              "above_bottom": 0
            },
            "max_inclusive": {
              "absolute": 15
            },
            "type": "minecraft:uniform"
          },
          "type": "minecraft:height_range"
        },
        {
          "type": "minecraft:biome"
        }
      ],
      "targets": [
        {
          "target": {
            "tag": "minecraft:stone_ore_replaceables",
            "predicate_type": "minecraft:tag_match"
          },
          "state": {
            "Properties": {
              "lit": "false"
            },
            "Name": "minecraft:redstone_ore"
          }
        },
        {
          "target": {
            "tag": "minecraft:deepslate_ore_replaceables",
            "predicate_type": "minecraft:tag_match"
          },
          "state": {
            "Properties": {
              "lit": "false"
            },
            "Name": "minecraft:deepslate_redstone_ore"
          }
        }
      ]
    },
    {
      "ore_size": 4,
      "discard_on_air_chance": 0.0,
      "modifiers": [
        {
          "oreVeinType": {
            "type": "tin",
            "index": 0
          },
          "retroGen": false,
          "type": "mekanism:disableable"
        },
        {
          "count": {
            "oreVeinType": {
              "type": "tin",
              "index": 0
            },
            "type": "mekanism:configurable_constant"
          },
          "type": "minecraft:count"
        },
        {
          "type": "minecraft:in_square"
        },
        {
          "height": {
            "oreVeinType": {
              "type": "tin",
              "index": 0
            },
            "type": "mekanism:configurable"
          },
          "type": "minecraft:height_range"
        },
        {
          "type": "minecraft:biome"
        }
      ],
      "targets": [
        {
          "target": {
            "tag": "minecraft:stone_ore_replaceables",
            "predicate_type": "minecraft:tag_match"
          },
          "state": {
            "Name": "mekanism:tin_ore"
          }
        },
        {
          "target": {
            "tag": "minecraft:deepslate_ore_replaceables",
            "predicate_type": "minecraft:tag_match"
          },
          "state": {
            "Name": "mekanism:deepslate_tin_ore"
          }
        }
      ]
    },
    {
      "ore_size": 8,
      "discard_on_air_chance": 0.0,
      "modifiers": [
        {
          "count": 8,
          "type": "minecraft:count"
        },
        {
          "type": "minecraft:in_square"
        },
        {
          "height": {
            "min_inclusive": {
              "above_bottom": -32
            },
            "max_inclusive": {
              "above_bottom": 32
            },
            "type": "minecraft:trapezoid"
          },
          "type": "minecraft:height_range"
        },
        {
          "type": "minecraft:biome"
        }
      ],
      "targets": [
        {
          "target": {
            "tag": "minecraft:stone_ore_replaceables",
            "predicate_type": "minecraft:tag_match"
          },
          "state": {
            "Properties": {
              "lit": "false"
            },
            "Name": "minecraft:redstone_ore"
          }
        },
        {
          "target": {
            "tag": "minecraft:deepslate_ore_replaceables",
            "predicate_type": "minecraft:tag_match"
          },
          "state": {
            "Properties": {
              "lit": "false"
            },
            "Name": "minecraft:deepslate_redstone_ore"
          }
        }
      ]
    },
    {
      "ore_size": 4,
      "discard_on_air_chance": 0.0,
      "modifiers": [
        {
          "count": 4,
          "type": "minecraft:count"
        },
        {
          "type": "minecraft:in_square"
        },
        {
          "height": {
            "min_inclusive": {
              "above_bottom": 0
            },
            "max_inclusive": {
              "above_bottom": 13
            },
            "type": "minecraft:uniform"
          },
          "type": "minecraft:height_range"
        },
        {
          "type": "minecraft:biome"
        }
      ],
      "targets": [
        {
          "target": {
            "block": "forbidden_arcanus:darkstone",
            "predicate_type": "minecraft:block_match"
          },
          "state": {
            "Name": "forbidden_arcanus:gilded_darkstone"
          }
        }
      ]
    },
    {
      "ore_size": 10,
      "discard_on_air_chance": 0.0,
      "modifiers": [
        {
          "count": 10,
          "type": "minecraft:count"
        },
        {
          "type": "minecraft:in_square"
        },
        {
          "height": {
            "min_inclusive": {
              "absolute": -64
            },
            "max_inclusive": {
              "absolute": 50
            },
            "type": "minecraft:trapezoid"
          },
          "type": "minecraft:height_range"
        },
        {
          "type": "minecraft:biome"
        }
      ],
      "targets": [
        {
          "target": {
            "tag": "minecraft:deepslate_ore_replaceables",
            "predicate_type": "minecraft:tag_match"
          },
          "state": {
            "Name": "occultism:silver_ore_deepslate"
          }
        }
      ]
    },
    {
      "ore_size": 64,
      "discard_on_air_chance": 0.0,
      "modifiers": [
        {
          "count": 2,
          "type": "minecraft:count"
        },
        {
          "type": "minecraft:in_square"
        },
        {
          "height": {
            "min_inclusive": {
              "absolute": 0
            },
            "max_inclusive": {
              "absolute": 60
            },
            "type": "minecraft:uniform"
          },
          "type": "minecraft:height_range"
        },
        {
          "type": "minecraft:biome"
        }
      ],
      "targets": [
        {
          "target": {
            "tag": "minecraft:base_stone_overworld",
            "predicate_type": "minecraft:tag_match"
          },
          "state": {
            "Name": "minecraft:andesite"
          }
        }
      ]
    },
    {
      "ore_size": 9,
      "discard_on_air_chance": 0.0,
      "modifiers": [
        {
          "count": 90,
          "type": "minecraft:count"
        },
        {
          "type": "minecraft:in_square"
        },
        {
          "height": {
            "min_inclusive": {
              "absolute": 80
            },
            "max_inclusive": {
              "absolute": 384
            },
            "type": "minecraft:trapezoid"
          },
          "type": "minecraft:height_range"
        },
        {
          "type": "minecraft:biome"
        }
      ],
      "targets": [
        {
          "target": {
            "tag": "minecraft:stone_ore_replaceables",
            "predicate_type": "minecraft:tag_match"
          },
          "state": {
            "Name": "minecraft:iron_ore"
          }
        },
        {
          "target": {
            "tag": "minecraft:deepslate_ore_replaceables",
            "predicate_type": "minecraft:tag_match"
          },
          "state": {
            "Name": "minecraft:deepslate_iron_ore"
          }
        }
      ]
    },
    {
      "ore_size": 5,
      "discard_on_air_chance": 0.0,
      "modifiers": [
        {
          "oreVeinType": {
            "type": "fluorite",
            "index": 0
          },
          "retroGen": false,
          "type": "mekanism:disableable"
        },
        {
          "count": {
            "oreVeinType": {
              "type": "fluorite",
              "index": 0
            },
            "type": "mekanism:configurable_constant"
          },
          "type": "minecraft:count"
        },
        {
          "type": "minecraft:in_square"
        },
        {
          "height": {
            "oreVeinType": {
              "type": "fluorite",
              "index": 0
            },
            "type": "mekanism:configurable"
          },
          "type": "minecraft:height_range"
        },
        {
          "type": "minecraft:biome"
        }
      ],
      "targets": [
        {
          "target": {
            "tag": "minecraft:stone_ore_replaceables",
            "predicate_type": "minecraft:tag_match"
          },
          "state": {
            "Name": "mekanism:fluorite_ore"
          }
        },
        {
          "target": {
            "tag": "minecraft:deepslate_ore_replaceables",
            "predicate_type": "minecraft:tag_match"
          },
          "state": {
            "Name": "mekanism:deepslate_fluorite_ore"
          }
        }
      ]
    },
    {
      "ore_size": 4,
      "discard_on_air_chance": 0.0,
      "modifiers": [
        {
          "count": 4,
          "type": "minecraft:count"
        },
        {
          "height": {
            "min_inclusive": {
              "above_bottom": 1
            },
            "max_inclusive": {
              "above_bottom": 48
            },
            "type": "minecraft:trapezoid"
          },
          "type": "minecraft:height_range"
        },
        {
          "type": "minecraft:in_square"
        },
        {
          "type": "minecraft:biome"
        }
      ],
      "targets": [
        {
          "target": {
            "tag": "minecraft:stone_ore_replaceables",
            "predicate_type": "minecraft:tag_match"
          },
          "state": {
            "Name": "simpleores:adamantium_ore"
          }
        },
        {
          "target": {
            "tag": "minecraft:deepslate_ore_replaceables",
            "predicate_type": "minecraft:tag_match"
          },
          "state": {
            "Name": "simpleores:deepslate_adamantium_ore"
          }
        }
      ]
    },
    {
      "ore_size": 64,
      "discard_on_air_chance": 0.0,
      "modifiers": [
        {
          "chance": 6,
          "type": "minecraft:rarity_filter"
        },
        {
          "type": "minecraft:in_square"
        },
        {
          "height": {
            "min_inclusive": {
              "absolute": 64
            },
            "max_inclusive": {
              "absolute": 128
            },
            "type": "minecraft:uniform"
          },
          "type": "minecraft:height_range"
        },
        {
          "type": "minecraft:biome"
        }
      ],
      "targets": [
        {
          "target": {
            "tag": "minecraft:base_stone_overworld",
            "predicate_type": "minecraft:tag_match"
          },
          "state": {
            "Name": "minecraft:granite"
          }
        }
      ]
    },
    {
      "ore_size": 9,
      "discard_on_air_chance": 0.0,
      "modifiers": [
        {
          "oreVeinType": {
            "type": "osmium",
            "index": 1
          },
          "retroGen": false,
          "type": "mekanism:disableable"
        },
        {
          "count": {
            "oreVeinType": {
              "type": "osmium",
              "index": 1
            },
            "type": "mekanism:configurable_constant"
          },
          "type": "minecraft:count"
        },
        {
          "type": "minecraft:in_square"
        },
        {
          "height": {
            "oreVeinType": {
              "type": "osmium",
              "index": 1
            },
            "type": "mekanism:configurable"
          },
          "type": "minecraft:height_range"
        },
        {
          "type": "minecraft:biome"
        }
      ],
      "targets": [
        {
          "target": {
            "tag": "minecraft:stone_ore_replaceables",
            "predicate_type": "minecraft:tag_match"
          },
          "state": {
            "Name": "mekanism:osmium_ore"
          }
        },
        {
          "target": {
            "tag": "minecraft:deepslate_ore_replaceables",
            "predicate_type": "minecraft:tag_match"
          },
          "state": {
            "Name": "mekanism:deepslate_osmium_ore"
          }
        }
      ]
    },
    {
      "ore_size": 64,
      "discard_on_air_chance": 0.0,
      "modifiers": [
        {
          "count": 2,
          "type": "minecraft:count"
        },
        {
          "type": "minecraft:in_square"
        },
        {
          "height": {
            "min_inclusive": {
              "absolute": 0
            },
            "max_inclusive": {
              "absolute": 60
            },
            "type": "minecraft:uniform"
          },
          "type": "minecraft:height_range"
        },
        {
          "type": "minecraft:biome"
        }
      ],
      "targets": [
        {
          "target": {
            "tag": "minecraft:base_stone_overworld",
            "predicate_type": "minecraft:tag_match"
          },
          "state": {
            "Name": "minecraft:granite"
          }
        }
      ]
    },
    {
      "ore_size": 64,
      "discard_on_air_chance": 0.0,
      "modifiers": [
        {
          "chance": 6,
          "type": "minecraft:rarity_filter"
        },
        {
          "type": "minecraft:in_square"
        },
        {
          "height": {
            "min_inclusive": {
              "absolute": 64
            },
            "max_inclusive": {
              "absolute": 128
            },
            "type": "minecraft:uniform"
          },
          "type": "minecraft:height_range"
        },
        {
          "type": "minecraft:biome"
        }
      ],
      "targets": [
        {
          "target": {
            "tag": "minecraft:base_stone_overworld",
            "predicate_type": "minecraft:tag_match"
          },
          "state": {
            "Name": "minecraft:diorite"
          }
        }
      ]
    },
    {
      "ore_size": 33,
      "discard_on_air_chance": 0.0,
      "modifiers": [
        {
          "count": 7,
          "type": "minecraft:count"
        },
        {
          "type": "minecraft:in_square"
        },
        {
          "height": {
            "min_inclusive": {
              "absolute": 0
            },
            "max_inclusive": {
              "absolute": 160
            },
            "type": "minecraft:uniform"
          },
          "type": "minecraft:height_range"
        },
        {
          "type": "minecraft:biome"
        }
      ],
      "targets": [
        {
          "target": {
            "tag": "minecraft:base_stone_overworld",
            "predicate_type": "minecraft:tag_match"
          },
          "state": {
            "Name": "minecraft:dirt"
          }
        }
      ]
    },
    {
      "ore_size": 9,
      "discard_on_air_chance": 0.0,
      "modifiers": [
        {
          "count": 3,
          "type": "minecraft:count"
        },
        {
          "type": "minecraft:in_square"
        },
        {
          "height": {
            "min_inclusive": {
              "absolute": -64
            },
            "max_inclusive": {
              "absolute": -48
            },
            "type": "minecraft:uniform"
          },
          "type": "minecraft:height_range"
        }
      ],
      "targets": [
        {
          "target": {
            "tag": "minecraft:deepslate_ore_replaceables",
            "predicate_type": "minecraft:tag_match"
          },
          "state": {
            "Name": "bigreactors:yellorite_ore"
          }
        }
      ]
    },
    {
      "ore_size": 4,
      "discard_on_air_chance": 0.0,
      "modifiers": [
        {
          "count": 4,
          "type": "minecraft:count"
        },
        {
          "height": {
            "min_inclusive": {
              "above_bottom": 1
            },
            "max_inclusive": {
              "above_bottom": 84
            },
            "type": "minecraft:uniform"
          },
          "type": "minecraft:height_range"
        },
        {
          "type": "minecraft:in_square"
        },
        {
          "type": "minecraft:biome"
        }
      ],
      "targets": [
        {
          "target": {
            "tag": "minecraft:stone_ore_replaceables",
            "predicate_type": "minecraft:tag_match"
          },
          "state": {
            "Name": "simpleores:adamantium_ore"
          }
        },
        {
          "target": {
            "tag": "minecraft:deepslate_ore_replaceables",
            "predicate_type": "minecraft:tag_match"
          },
          "state": {
            "Name": "simpleores:deepslate_adamantium_ore"
          }
        }
      ]
    },
    {
      "ore_size": 4,
      "discard_on_air_chance": 0.0,
      "modifiers": [
        {
          "count": 4,
          "type": "minecraft:count"
        },
        {
          "height": {
            "min_inclusive": {
              "above_bottom": 1
            },
            "max_inclusive": {
              "above_bottom": 99
            },
            "type": "minecraft:uniform"
          },
          "type": "minecraft:height_range"
        },
        {
          "type": "minecraft:in_square"
        },
        {
          "type": "minecraft:biome"
        }
      ],
      "targets": [
        {
          "target": {
            "tag": "minecraft:stone_ore_replaceables",
            "predicate_type": "minecraft:tag_match"
          },
          "state": {
            "Name": "simpleores:mythril_ore"
          }
        },
        {
          "target": {
            "tag": "minecraft:deepslate_ore_replaceables",
            "predicate_type": "minecraft:tag_match"
          },
          "state": {
            "Name": "simpleores:deepslate_mythril_ore"
          }
        }
      ]
    },
    {
      "ore_size": 16,
      "discard_on_air_chance": 0.0,
      "modifiers": [
        {
          "count": 4,
          "type": "minecraft:count"
        },
        {
          "height": {
            "min_inclusive": {
              "above_bottom": 24
            },
            "max_inclusive": {
              "above_bottom": 64
            },
            "type": "minecraft:trapezoid"
          },
          "type": "minecraft:height_range"
        },
        {
          "type": "minecraft:in_square"
        },
        {
          "type": "minecraft:biome"
        }
      ],
      "targets": [
        {
          "target": {
            "tag": "minecraft:stone_ore_replaceables",
            "predicate_type": "minecraft:tag_match"
          },
          "state": {
            "Name": "simpleores:tin_ore"
          }
        },
        {
          "target": {
            "tag": "minecraft:deepslate_ore_replaceables",
            "predicate_type": "minecraft:tag_match"
          },
          "state": {
            "Name": "simpleores:deepslate_tin_ore"
          }
        }
      ]
    },
    {
      "ore_size": 3,
      "discard_on_air_chance": 0.0,
      "modifiers": [
        {
          "count": 18,
          "type": "minecraft:count"
        },
        {
          "type": "minecraft:in_square"
        },
        {
          "height": {
            "min_inclusive": {
              "absolute": -6
            },
            "max_inclusive": {
              "absolute": 35
            },
            "type": "minecraft:uniform"
          },
          "type": "minecraft:height_range"
        },
        {
          "type": "minecraft:biome"
        }
      ],
      "targets": [
        {
          "target": {
            "tag": "minecraft:stone_ore_replaceables",
            "predicate_type": "minecraft:tag_match"
          },
          "state": {
            "Name": "forbidden_arcanus:xpetrified_ore"
          }
        },
        {
          "target": {
            "tag": "minecraft:deepslate_ore_replaceables",
            "predicate_type": "minecraft:tag_match"
          },
          "state": {
            "Name": "forbidden_arcanus:xpetrified_ore"
          }
        }
      ]
    },
    {
      "ore_size": 9,
      "discard_on_air_chance": 0.0,
      "modifiers": [
        {
          "oreVeinType": {
            "type": "tin",
            "index": 1
          },
          "retroGen": false,
          "type": "mekanism:disableable"
        },
        {
          "count": {
            "oreVeinType": {
              "type": "tin",
              "index": 1
            },
            "type": "mekanism:configurable_constant"
          },
          "type": "minecraft:count"
        },
        {
          "type": "minecraft:in_square"
        },
        {
          "height": {
            "oreVeinType": {
              "type": "tin",
              "index": 1
            },
            "type": "mekanism:configurable"
          },
          "type": "minecraft:height_range"
        },
        {
          "type": "minecraft:biome"
        }
      ],
      "targets": [
        {
          "target": {
            "tag": "minecraft:stone_ore_replaceables",
            "predicate_type": "minecraft:tag_match"
          },
          "state": {
            "Name": "mekanism:tin_ore"
          }
        },
        {
          "target": {
            "tag": "minecraft:deepslate_ore_replaceables",
            "predicate_type": "minecraft:tag_match"
          },
          "state": {
            "Name": "mekanism:deepslate_tin_ore"
          }
        }
      ]
    },
    {
      "ore_size": 7,
      "discard_on_air_chance": 1.0,
      "modifiers": [
        {
          "count": 4,
          "type": "minecraft:count"
        },
        {
          "type": "minecraft:in_square"
        },
        {
          "height": {
            "min_inclusive": {
              "above_bottom": 0
            },
            "max_inclusive": {
              "absolute": 64
            },
            "type": "minecraft:uniform"
          },
          "type": "minecraft:height_range"
        },
        {
          "type": "minecraft:biome"
        }
      ],
      "targets": [
        {
          "target": {
            "tag": "minecraft:stone_ore_replaceables",
            "predicate_type": "minecraft:tag_match"
          },
          "state": {
            "Name": "minecraft:lapis_ore"
          }
        },
        {
          "target": {
            "tag": "minecraft:deepslate_ore_replaceables",
            "predicate_type": "minecraft:tag_match"
          },
          "state": {
            "Name": "minecraft:deepslate_lapis_ore"
          }
        }
      ]
    },
    {
      "ore_size": 7,
      "discard_on_air_chance": 0.0,
      "modifiers": [
        {
          "oreVeinType": {
            "type": "osmium",
            "index": 0
          },
          "retroGen": false,
          "type": "mekanism:disableable"
        },
        {
          "count": {
            "oreVeinType": {
              "type": "osmium",
              "index": 0
            },
            "type": "mekanism:configurable_constant"
          },
          "type": "minecraft:count"
        },
        {
          "type": "minecraft:in_square"
        },
        {
          "height": {
            "oreVeinType": {
              "type": "osmium",
              "index": 0
            },
            "type": "mekanism:configurable"
          },
          "type": "minecraft:height_range"
        },
        {
          "type": "minecraft:biome"
        }
      ],
      "targets": [
        {
          "target": {
            "tag": "minecraft:stone_ore_replaceables",
            "predicate_type": "minecraft:tag_match"
          },
          "state": {
            "Name": "mekanism:osmium_ore"
          }
        },
        {
          "target": {
            "tag": "minecraft:deepslate_ore_replaceables",
            "predicate_type": "minecraft:tag_match"
          },
          "state": {
            "Name": "mekanism:deepslate_osmium_ore"
          }
        }
      ]
    },
    {
      "ore_size": 7,
      "discard_on_air_chance": 0.0,
      "modifiers": [
        {
          "count": 10,
          "type": "minecraft:count"
        },
        {
          "height": {
            "min_inclusive": {
              "above_bottom": 64
            },
            "max_inclusive": {
              "above_bottom": 136
            },
            "type": "minecraft:uniform"
          },
          "type": "minecraft:height_range"
        },
        {
          "type": "minecraft:in_square"
        },
        {
          "type": "minecraft:biome"
        }
      ],
      "targets": [
        {
          "target": {
            "tag": "minecraft:stone_ore_replaceables",
            "predicate_type": "minecraft:tag_match"
          },
          "state": {
            "Name": "simpleores:tin_ore"
          }
        },
        {
          "target": {
            "tag": "minecraft:deepslate_ore_replaceables",
            "predicate_type": "minecraft:tag_match"
          },
          "state": {
            "Name": "simpleores:deepslate_tin_ore"
          }
        }
      ]
    },
    {
      "ore_size": 9,
      "discard_on_air_chance": 0.0,
      "modifiers": [
        {
          "count": 10,
          "type": "minecraft:count"
        },
        {
          "type": "minecraft:in_square"
        },
        {
          "height": {
            "min_inclusive": {
              "absolute": -24
            },
            "max_inclusive": {
              "absolute": 56
            },
            "type": "minecraft:trapezoid"
          },
          "type": "minecraft:height_range"
        },
        {
          "type": "minecraft:biome"
        }
      ],
      "targets": [
        {
          "target": {
            "tag": "minecraft:stone_ore_replaceables",
            "predicate_type": "minecraft:tag_match"
          },
          "state": {
            "Name": "minecraft:iron_ore"
          }
        },
        {
          "target": {
            "tag": "minecraft:deepslate_ore_replaceables",
            "predicate_type": "minecraft:tag_match"
          },
          "state": {
            "Name": "minecraft:deepslate_iron_ore"
          }
        }
      ]
    },
    {
      "ore_size": 12,
      "discard_on_air_chance": 0.7,
      "modifiers": [
        {
          "chance": 9,
          "type": "minecraft:rarity_filter"
        },
        {
          "type": "minecraft:in_square"
        },
        {
          "height": {
            "min_inclusive": {
              "above_bottom": -80
            },
            "max_inclusive": {
              "above_bottom": 80
            },
            "type": "minecraft:trapezoid"
          },
          "type": "minecraft:height_range"
        },
        {
          "type": "minecraft:biome"
        }
      ],
      "targets": [
        {
          "target": {
            "tag": "minecraft:stone_ore_replaceables",
            "predicate_type": "minecraft:tag_match"
          },
          "state": {
            "Name": "minecraft:diamond_ore"
          }
        },
        {
          "target": {
            "tag": "minecraft:deepslate_ore_replaceables",
            "predicate_type": "minecraft:tag_match"
          },
          "state": {
            "Name": "minecraft:deepslate_diamond_ore"
          }
        }
      ]
    },
    {
      "ore_size": 5,
      "discard_on_air_chance": 0.0,
      "modifiers": [
        {
          "count": 7,
          "type": "minecraft:count"
        },
        {
          "type": "minecraft:in_square"
        },
        {
          "height": {
            "min_inclusive": {
              "absolute": 50
            },
            "max_inclusive": {
              "absolute": 200
            },
            "type": "minecraft:trapezoid"
          },
          "type": "minecraft:height_range"
        },
        {
          "type": "minecraft:biome"
        }
      ],
      "targets": [
        {
          "target": {
            "tag": "minecraft:stone_ore_replaceables",
            "predicate_type": "minecraft:tag_match"
          },
          "state": {
            "Name": "occultism:silver_ore"
          }
        }
      ]
    },
    {
      "ore_size": 17,
      "discard_on_air_chance": 0.5,
      "modifiers": [
        {
          "count": 20,
          "type": "minecraft:count"
        },
        {
          "type": "minecraft:in_square"
        },
        {
          "height": {
            "min_inclusive": {
              "absolute": 0
            },
            "max_inclusive": {
              "absolute": 192
            },
            "type": "minecraft:trapezoid"
          },
          "type": "minecraft:height_range"
        },
        {
          "type": "minecraft:biome"
        }
      ],
      "targets": [
        {
          "target": {
            "tag": "minecraft:stone_ore_replaceables",
            "predicate_type": "minecraft:tag_match"
          },
          "state": {
            "Name": "minecraft:coal_ore"
          }
        },
        {
          "target": {
            "tag": "minecraft:deepslate_ore_replaceables",
            "predicate_type": "minecraft:tag_match"
          },
          "state": {
            "Name": "minecraft:deepslate_coal_ore"
          }
        }
      ]
    },
    {
      "ore_size": 4,
      "discard_on_air_chance": 0.0,
      "modifiers": [
        {
          "oreVeinType": {
            "type": "uranium",
            "index": 0
          },
          "retroGen": false,
          "type": "mekanism:disableable"
        },
        {
          "count": {
            "oreVeinType": {
              "type": "uranium",
              "index": 0
            },
            "type": "mekanism:configurable_constant"
          },
          "type": "minecraft:count"
        },
        {
          "type": "minecraft:in_square"
        },
        {
          "height": {
            "oreVeinType": {
              "type": "uranium",
              "index": 0
            },
            "type": "mekanism:configurable"
          },
          "type": "minecraft:height_range"
        },
        {
          "type": "minecraft:biome"
        }
      ],
      "targets": [
        {
          "target": {
            "tag": "minecraft:stone_ore_replaceables",
            "predicate_type": "minecraft:tag_match"
          },
          "state": {
            "Name": "mekanism:uranium_ore"
          }
        },
        {
          "target": {
            "tag": "minecraft:deepslate_ore_replaceables",
            "predicate_type": "minecraft:tag_match"
          },
          "state": {
            "Name": "mekanism:deepslate_uranium_ore"
          }
        }
      ]
    },
    {
      "ore_size": 3,
      "discard_on_air_chance": 0.0,
      "modifiers": [
        {
          "count": 2,
          "type": "minecraft:count"
        },
        {
          "type": "minecraft:in_square"
        },
        {
          "height": {
            "min_inclusive": {
              "absolute": -44
            },
            "max_inclusive": {
              "absolute": 42
            },
            "type": "minecraft:uniform"
          },
          "type": "minecraft:height_range"
        },
        {
          "type": "minecraft:biome"
        }
      ],
      "targets": [
        {
          "target": {
            "tag": "minecraft:stone_ore_replaceables",
            "predicate_type": "minecraft:tag_match"
          },
          "state": {
            "Name": "forbidden_arcanus:stella_arcanum"
          }
        },
        {
          "target": {
            "tag": "minecraft:deepslate_ore_replaceables",
            "predicate_type": "minecraft:tag_match"
          },
          "state": {
            "Name": "forbidden_arcanus:stella_arcanum"
          }
        }
      ]
    },
    {
      "ore_size": 9,
      "discard_on_air_chance": 0.0,
      "modifiers": [
        {
          "count": 50,
          "type": "minecraft:count"
        },
        {
          "type": "minecraft:in_square"
        },
        {
          "height": {
            "min_inclusive": {
              "absolute": 32
            },
            "max_inclusive": {
              "absolute": 256
            },
            "type": "minecraft:uniform"
          },
          "type": "minecraft:height_range"
        },
        {
          "type": "minecraft:biome"
        }
      ],
      "targets": [
        {
          "target": {
            "tag": "minecraft:stone_ore_replaceables",
            "predicate_type": "minecraft:tag_match"
          },
          "state": {
            "Name": "minecraft:gold_ore"
          }
        },
        {
          "target": {
            "tag": "minecraft:deepslate_ore_replaceables",
            "predicate_type": "minecraft:tag_match"
          },
          "state": {
            "Name": "minecraft:deepslate_gold_ore"
          }
        }
      ]
    },
    {
      "ore_size": 3,
      "discard_on_air_chance": 0.0,
      "modifiers": [
        {
          "count": 100,
          "type": "minecraft:count"
        },
        {
          "type": "minecraft:in_square"
        },
        {
          "height": {
            "min_inclusive": {
              "absolute": -16
            },
            "max_inclusive": {
              "absolute": 480
            },
            "type": "minecraft:trapezoid"
          },
          "type": "minecraft:height_range"
        },
        {
          "type": "minecraft:biome"
        }
      ],
      "targets": [
        {
          "target": {
            "tag": "minecraft:stone_ore_replaceables",
            "predicate_type": "minecraft:tag_match"
          },
          "state": {
            "Name": "minecraft:emerald_ore"
          }
        },
        {
          "target": {
            "tag": "minecraft:deepslate_ore_replaceables",
            "predicate_type": "minecraft:tag_match"
          },
          "state": {
            "Name": "minecraft:deepslate_emerald_ore"
          }
        }
      ]
    },
    {
      "ore_size": 9,
      "discard_on_air_chance": 0.0,
      "modifiers": [
        {
          "count": 14,
          "type": "minecraft:count"
        },
        {
          "type": "minecraft:in_square"
        },
        {
          "height": {
            "min_inclusive": {
              "above_bottom": 0
            },
            "max_inclusive": {
              "absolute": 63
            },
            "type": "minecraft:uniform"
          },
          "type": "minecraft:height_range"
        },
        {
          "type": "minecraft:biome"
        }
      ],
      "targets": [
        {
          "target": {
            "tag": "minecraft:stone_ore_replaceables",
            "predicate_type": "minecraft:tag_match"
          },
          "state": {
            "Name": "minecraft:infested_stone"
          }
        },
        {
          "target": {
            "tag": "minecraft:deepslate_ore_replaceables",
            "predicate_type": "minecraft:tag_match"
          },
          "state": {
            "Properties": {
              "axis": "y"
            },
            "Name": "minecraft:infested_deepslate"
          }
        }
      ]
    },
    {
      "ore_size": 20,
      "discard_on_air_chance": 0.0,
      "modifiers": [
        {
          "count": 16,
          "type": "minecraft:count"
        },
        {
          "type": "minecraft:in_square"
        },
        {
          "height": {
            "min_inclusive": {
              "absolute": -16
            },
            "max_inclusive": {
              "absolute": 112
            },
            "type": "minecraft:trapezoid"
          },
          "type": "minecraft:height_range"
        },
        {
          "type": "minecraft:biome"
        }
      ],
      "targets": [
        {
          "target": {
            "tag": "minecraft:stone_ore_replaceables",
            "predicate_type": "minecraft:tag_match"
          },
          "state": {
            "Name": "minecraft:copper_ore"
          }
        },
        {
          "target": {
            "tag": "minecraft:deepslate_ore_replaceables",
            "predicate_type": "minecraft:tag_match"
          },
          "state": {
            "Name": "minecraft:deepslate_copper_ore"
          }
        }
      ]
    },
    {
      "ore_size": 33,
      "discard_on_air_chance": 0.0,
      "modifiers": [
        {
          "count": 46,
          "type": "minecraft:count"
        },
        {
          "type": "minecraft:in_square"
        },
        {
          "height": {
            "min_inclusive": {
              "above_bottom": 0
            },
            "max_inclusive": {
              "absolute": 256
            },
            "type": "minecraft:uniform"
          },
          "type": "minecraft:height_range"
        },
        {
          "type": "minecraft:biome"
        }
      ],
      "targets": [
        {
          "target": {
            "tag": "minecraft:base_stone_overworld",
            "predicate_type": "minecraft:tag_match"
          },
          "state": {
            "Name": "minecraft:clay"
          }
        }
      ]
    },
    {
      "ore_size": 64,
      "discard_on_air_chance": 0.0,
      "modifiers": [
        {
          "chance": 6,
          "type": "minecraft:rarity_filter"
        },
        {
          "type": "minecraft:in_square"
        },
        {
          "height": {
            "min_inclusive": {
              "absolute": 64
            },
            "max_inclusive": {
              "absolute": 128
            },
            "type": "minecraft:uniform"
          },
          "type": "minecraft:height_range"
        },
        {
          "type": "minecraft:biome"
        }
      ],
      "targets": [
        {
          "target": {
            "tag": "minecraft:base_stone_overworld",
            "predicate_type": "minecraft:tag_match"
          },
          "state": {
            "Name": "vampirism:castle_block_dark_stone"
          }
        }
      ]
    },
    {
      "ore_size": 64,
      "discard_on_air_chance": 0.0,
      "modifiers": [
        {
          "count": 2,
          "type": "minecraft:count"
        },
        {
          "type": "minecraft:in_square"
        },
        {
          "height": {
            "min_inclusive": {
              "absolute": 0
            },
            "max_inclusive": {
              "absolute": 60
            },
            "type": "minecraft:uniform"
          },
          "type": "minecraft:height_range"
        },
        {
          "type": "minecraft:biome"
        }
      ],
      "targets": [
        {
          "target": {
            "tag": "minecraft:base_stone_overworld",
            "predicate_type": "minecraft:tag_match"
          },
          "state": {
            "Name": "vampirism:castle_block_dark_stone"
          }
        }
      ]
    },
    {
      "ore_size": 33,
      "discard_on_air_chance": 0.0,
      "modifiers": [
        {
          "count": 7,
          "type": "minecraft:count"
        },
        {
          "type": "minecraft:in_square"
        },
        {
          "height": {
            "min_inclusive": {
              "absolute": 0
            },
            "max_inclusive": {
              "absolute": 160
            },
            "type": "minecraft:uniform"
          },
          "type": "minecraft:height_range"
        },
        {
          "type": "minecraft:biome"
        }
      ],
      "targets": [
        {
          "target": {
            "tag": "minecraft:base_stone_overworld",
            "predicate_type": "minecraft:tag_match"
          },
          "state": {
            "Name": "vampirism:cursed_earth"
          }
        }
      ]
    }
  ]
}