{
  "oreMultiplier": 1,
  "ores": [
    {
      "ore_size": 8,
      "discard_on_air_chance": 0.0,
      "modifiers": [
        {
          "count": 40,
          "type": "minecraft:count"
        },
        {
          "type": "minecraft:in_square"
        },
        {
          "height": {
            "min_inclusive": {
              "absolute": 40
            },
            "max_inclusive": {
              "absolute": 110
            },
            "type": "minecraft:uniform"
          },
          "type": "minecraft:height_range"
        },
        {
          "type": "minecraft:biome"
        }
      ],
      "targets": [
        {
          "target": {
            "tag": "minecraft:base_stone_nether",
            "predicate_type": "minecraft:tag_match"
          },
          "state": {
            "Name": "bno:nether_iron_ore"
          }
        }
      ]
    },
    {
      "ore_size": 3,
      "discard_on_air_chance": 0.0,
      "modifiers": [
        {
          "count": 3,
          "type": "minecraft:count"
        },
        {
          "type": "minecraft:in_square"
        },
        {
          "height": {
            "min_inclusive": {
              "absolute": -64
            },
            "max_inclusive": {
              "absolute": 50
            },
            "type": "minecraft:trapezoid"
          },
          "type": "minecraft:height_range"
        },
        {
          "type": "minecraft:biome"
        }
      ],
      "targets": [
        {
          "target": {
            "tag": "minecraft:base_stone_nether",
            "predicate_type": "minecraft:tag_match"
          },
          "state": {
            "Properties": {
              "uncovered": "false"
            },
            "Name": "occultism:iesnium_ore_natural"
          }
        }
      ]
    },
    {
      "ore_size": 3,
      "discard_on_air_chance": 1.0,
      "modifiers": [
        {
          "type": "minecraft:in_square"
        },
        {
          "height": {
            "min_inclusive": {
              "absolute": 8
            },
            "max_inclusive": {
              "absolute": 24
            },
            "type": "minecraft:trapezoid"
          },
          "type": "minecraft:height_range"
        },
        {
          "type": "minecraft:biome"
        }
      ],
      "targets": [
        {
          "target": {
            "tag": "minecraft:base_stone_nether",
            "predicate_type": "minecraft:tag_match"
          },
          "state": {
            "Name": "minecraft:ancient_debris"
          }
        }
      ]
    },
    {
      "ore_size": 7,
      "discard_on_air_chance": 0.0,
      "modifiers": [
        {
          "count": 2,
          "type": "minecraft:count"
        },
        {
          "type": "minecraft:in_square"
        },
        {
          "height": {
            "min_inclusive": {
              "absolute": 30
            },
            "max_inclusive": {
              "absolute": 60
            },
            "type": "minecraft:uniform"
          },
          "type": "minecraft:height_range"
        },
        {
          "type": "minecraft:biome"
        }
      ],
      "targets": [
        {
          "target": {
            "tag": "minecraft:base_stone_nether",
            "predicate_type": "minecraft:tag_match"
          },
          "state": {
            "Name": "bno:nether_lapis_ore"
          }
        }
      ]
    },
    {
      "ore_size": 10,
      "discard_on_air_chance": 0.0,
      "modifiers": [
        {
          "count": 20,
          "type": "minecraft:count"
        },
        {
          "type": "minecraft:in_square"
        },
        {
          "height": {
            "min_inclusive": {
              "above_bottom": 10
            },
            "max_inclusive": {
              "below_top": 10
            },
            "type": "minecraft:uniform"
          },
          "type": "minecraft:height_range"
        },
        {
          "type": "minecraft:biome"
        }
      ],
      "targets": [
        {
          "target": {
            "block": "minecraft:netherrack",
            "predicate_type": "minecraft:block_match"
          },
          "state": {
            "Name": "minecraft:nether_gold_ore"
          }
        }
      ]
    },
    {
      "ore_size": 2,
      "discard_on_air_chance": 1.0,
      "modifiers": [
        {
          "type": "minecraft:in_square"
        },
        {
          "height": {
            "min_inclusive": {
              "above_bottom": 8
            },
            "max_inclusive": {
              "below_top": 8
            },
            "type": "minecraft:uniform"
          },
          "type": "minecraft:height_range"
        },
        {
          "type": "minecraft:biome"
        }
      ],
      "targets": [
        {
          "target": {
            "tag": "minecraft:base_stone_nether",
            "predicate_type": "minecraft:tag_match"
          },
          "state": {
            "Name": "minecraft:ancient_debris"
          }
        }
      ]
    },
    {
      "ore_size": 8,
      "discard_on_air_chance": 0.0,
      "modifiers": [
        {
          "count": 6,
          "type": "minecraft:count"
        },
        {
          "type": "minecraft:in_square"
        },
        {
          "height": {
            "min_inclusive": {
              "absolute": 25
            },
            "max_inclusive": {
              "absolute": 105
            },
            "type": "minecraft:uniform"
          },
          "type": "minecraft:height_range"
        },
        {
          "type": "minecraft:biome"
        }
      ],
      "targets": [
        {
          "target": {
            "tag": "minecraft:base_stone_nether",
            "predicate_type": "minecraft:tag_match"
          },
          "state": {
            "Name": "bno:nether_copper_ore"
          }
        }
      ]
    },
    {
      "ore_size": 8,
      "discard_on_air_chance": 0.0,
      "modifiers": [
        {
          "count": 8,
          "type": "minecraft:count"
        },
        {
          "type": "minecraft:in_square"
        },
        {
          "height": {
            "min_inclusive": {
              "absolute": 80
            },
            "max_inclusive": {
              "absolute": 115
            },
            "type": "minecraft:uniform"
          },
          "type": "minecraft:height_range"
        },
        {
          "type": "minecraft:biome"
        }
      ],
      "targets": [
        {
          "target": {
            "tag": "minecraft:base_stone_nether",
            "predicate_type": "minecraft:tag_match"
          },
          "state": {
            "Properties": {
              "lit": "false"
            },
            "Name": "bno:nether_redstone_ore"
          }
        }
      ]
    },
    {
      "ore_size": 33,
      "discard_on_air_chance": 0.0,
      "modifiers": [
        {
          "count": 4,
          "type": "minecraft:count"
        },
        {
          "type": "minecraft:in_square"
        },
        {
          "height": {
            "min_inclusive": {
              "absolute": 27
            },
            "max_inclusive": {
              "absolute": 36
            },
            "type": "minecraft:uniform"
          },
          "type": "minecraft:height_range"
        },
        {
          "type": "minecraft:biome"
        }
      ],
      "targets": [
        {
          "target": {
            "block": "minecraft:netherrack",
            "predicate_type": "minecraft:block_match"
          },
          "state": {
            "Name": "minecraft:magma_block"
          }
        }
      ]
    },
    {
      "ore_size": 14,
      "discard_on_air_chance": 0.0,
      "modifiers": [
        {
          "count": 32,
          "type": "minecraft:count"
        },
        {
          "type": "minecraft:in_square"
        },
        {
          "height": {
            "min_inclusive": {
              "above_bottom": 10
            },
            "max_inclusive": {
              "below_top": 10
            },
            "type": "minecraft:uniform"
          },
          "type": "minecraft:height_range"
        },
        {
          "type": "minecraft:biome"
        }
      ],
      "targets": [
        {
          "target": {
            "block": "minecraft:netherrack",
            "predicate_type": "minecraft:block_match"
          },
          "state": {
            "Name": "minecraft:nether_quartz_ore"
          }
        }
      ]
    },
    {
      "ore_size": 9,
      "discard_on_air_chance": 0.0,
      "modifiers": [
        {
          "count": 10,
          "type": "minecraft:count"
        },
        {
          "type": "minecraft:in_square"
        },
        {
          "height": {
            "min_inclusive": {
              "absolute": 3
            },
            "max_inclusive": {
              "absolute": 126
            },
            "type": "minecraft:uniform"
          },
          "type": "minecraft:height_range"
        }
      ],
      "targets": [
        {
          "target": {
            "tag": "forge:netherrack",
            "predicate_type": "minecraft:tag_match"
          },
          "state": {
            "Name": "bigreactors:benitoite_ore"
          }
        }
      ]
    },
    {
      "ore_size": 4,
      "discard_on_air_chance": 0.0,
      "modifiers": [
        {
          "count": 4,
          "type": "minecraft:count"
        },
        {
          "type": "minecraft:in_square"
        },
        {
          "height": {
            "min_inclusive": {
              "absolute": 25
            },
            "max_inclusive": {
              "absolute": 55
            },
            "type": "minecraft:uniform"
          },
          "type": "minecraft:height_range"
        },
        {
          "type": "minecraft:biome"
        }
      ],
      "targets": [
        {
          "target": {
            "tag": "minecraft:base_stone_nether",
            "predicate_type": "minecraft:tag_match"
          },
          "state": {
            "Name": "bno:nether_emerald_ore"
          }
        }
      ]
    },
    {
      "ore_size": 8,
      "discard_on_air_chance": 0.0,
      "modifiers": [
        {
          "count": 3,
          "type": "minecraft:count"
        },
        {
          "type": "minecraft:in_square"
        },
        {
          "height": {
            "min_inclusive": {
              "absolute": 90
            },
            "max_inclusive": {
              "absolute": 125
            },
            "type": "minecraft:uniform"
          },
          "type": "minecraft:height_range"
        },
        {
          "type": "minecraft:biome"
        }
      ],
      "targets": [
        {
          "target": {
            "tag": "minecraft:base_stone_nether",
            "predicate_type": "minecraft:tag_match"
          },
          "state": {
            "Name": "bno:nether_diamond_ore"
          }
        }
      ]
    },
    {
      "ore_size": 17,
      "discard_on_air_chance": 0.0,
      "modifiers": [
        {
          "count": 20,
          "type": "minecraft:count"
        },
        {
          "type": "minecraft:in_square"
        },
        {
          "height": {
            "min_inclusive": {
              "absolute": 25
            },
            "max_inclusive": {
              "absolute": 115
            },
            "type": "minecraft:uniform"
          },
          "type": "minecraft:height_range"
        },
        {
          "type": "minecraft:biome"
        }
      ],
      "targets": [
        {
          "target": {
            "tag": "minecraft:base_stone_nether",
            "predicate_type": "minecraft:tag_match"
          },
          "state": {
            "Name": "bno:nether_coal_ore"
          }
        }
      ]
    },
    {
      "ore_size": 4,
      "discard_on_air_chance": 0.0,
      "modifiers": [
        {
          "count": 4,
          "type": "minecraft:count"
        },
        {
          "height": {
            "min_inclusive": {
              "above_bottom": 4
            },
            "max_inclusive": {
              "below_top": 4
            },
            "type": "minecraft:uniform"
          },
          "type": "minecraft:height_range"
        },
        {
          "type": "minecraft:in_square"
        }
      ],
      "targets": [
        {
          "target": {
            "block": "minecraft:netherrack",
            "predicate_type": "minecraft:block_match"
          },
          "state": {
            "Name": "cthon:cthon_ore"
          }
        }
      ]
    },
    {
      "ore_size": 4,
      "discard_on_air_chance": 0.0,
      "modifiers": [
        {
          "count": 5,
          "type": "minecraft:count"
        },
        {
          "height": {
            "min_inclusive": {
              "above_bottom": 10
            },
            "max_inclusive": {
              "below_top": 10
            },
            "type": "minecraft:uniform"
          },
          "type": "minecraft:height_range"
        },
        {
          "type": "minecraft:in_square"
        }
      ],
      "targets": [
        {
          "target": {
            "tag": "minecraft:nether_carver_replaceables",
            "predicate_type": "minecraft:tag_match"
          },
          "state": {
            "Name": "simpleores:onyx_ore"
          }
        }
      ]
    },
    {
      "ore_size": 33,
      "discard_on_air_chance": 0.0,
      "modifiers": [
        {
          "count": 2,
          "type": "minecraft:count"
        },
        {
          "type": "minecraft:in_square"
        },
        {
          "height": {
            "min_inclusive": {
              "absolute": 5
            },
            "max_inclusive": {
              "absolute": 31
            },
            "type": "minecraft:uniform"
          },
          "type": "minecraft:height_range"
        },
        {
          "type": "minecraft:biome"
        }
      ],
      "targets": [
        {
          "target": {
            "block": "minecraft:netherrack",
            "predicate_type": "minecraft:block_match"
          },
          "state": {
            "Name": "minecraft:blackstone"
          }
        }
      ]
    },
    {
      "ore_size": 10,
      "discard_on_air_chance": 0.0,
      "modifiers": [
        {
          "count": 10,
          "type": "minecraft:count"
        },
        {
          "type": "minecraft:in_square"
        },
        {
          "height": {
            "min_inclusive": {
              "above_bottom": 10
            },
            "max_inclusive": {
              "below_top": 10
            },
            "type": "minecraft:uniform"
          },
          "type": "minecraft:height_range"
        },
        {
          "type": "minecraft:biome"
        }
      ],
      "targets": [
        {
          "target": {
            "block": "minecraft:netherrack",
            "predicate_type": "minecraft:block_match"
          },
          "state": {
            "Name": "minecraft:nether_gold_ore"
          }
        }
      ]
    },
    {
      "ore_size": 33,
      "discard_on_air_chance": 0.0,
      "modifiers": [
        {
          "count": 2,
          "type": "minecraft:count"
        },
        {
          "type": "minecraft:in_square"
        },
        {
          "height": {
            "min_inclusive": {
              "absolute": 5
            },
            "max_inclusive": {
              "absolute": 41
            },
            "type": "minecraft:uniform"
          },
          "type": "minecraft:height_range"
        },
        {
          "type": "minecraft:biome"
        }
      ],
      "targets": [
        {
          "target": {
            "block": "minecraft:netherrack",
            "predicate_type": "minecraft:block_match"
          },
          "state": {
            "Name": "minecraft:gravel"
          }
        }
      ]
    },
    {
      "ore_size": 14,
      "discard_on_air_chance": 0.0,
      "modifiers": [
        {
          "count": 16,
          "type": "minecraft:count"
        },
        {
          "type": "minecraft:in_square"
        },
        {
          "height": {
            "min_inclusive": {
              "above_bottom": 10
            },
            "max_inclusive": {
              "below_top": 10
            },
            "type": "minecraft:uniform"
          },
          "type": "minecraft:height_range"
        },
        {
          "type": "minecraft:biome"
        }
      ],
      "targets": [
        {
          "target": {
            "block": "minecraft:netherrack",
            "predicate_type": "minecraft:block_match"
          },
          "state": {
            "Name": "minecraft:nether_quartz_ore"
          }
        }
      ]
    },
    {
      "ore_size": 12,
      "discard_on_air_chance": 0.0,
      "modifiers": [
        {
          "count": 12,
          "type": "minecraft:count"
        },
        {
          "type": "minecraft:in_square"
        },
        {
          "height": {
            "min_inclusive": {
              "above_bottom": 0
            },
            "max_inclusive": {
              "absolute": 31
            },
            "type": "minecraft:uniform"
          },
          "type": "minecraft:height_range"
        },
        {
          "type": "minecraft:biome"
        }
      ],
      "targets": [
        {
          "target": {
            "block": "minecraft:netherrack",
            "predicate_type": "minecraft:block_match"
          },
          "state": {
            "Name": "minecraft:soul_sand"
          }
        }
      ]
    },
    {
      "ore_size": 16,
      "discard_on_air_chance": 0.0,
      "modifiers": [
        {
          "count": 80,
          "type": "minecraft:count"
        },
        {
          "type": "minecraft:in_square"
        },
        {
          "height": {
            "min_inclusive": {
              "above_bottom": 10
            },
            "max_inclusive": {
              "below_top": 10
            },
            "type": "minecraft:uniform"
          },
          "type": "minecraft:height_range"
        },
        {
          "type": "minecraft:biome"
        }
      ],
      "targets": [
        {
          "target": {
            "tag": "biomesoplenty:flesh",
            "predicate_type": "minecraft:tag_match"
          },
          "state": {
            "Name": "biomesoplenty:porous_flesh"
          }
        }
      ]
    }
  ]
}