{
  "name": "minecraft",
  "quests": [
    {
      "uuid": "8bcfe1a5-cdc6-440f-b057-ab0768971a26",
      "name": {
        "text": "木头",
        "isTranslationKey": false
      },
      "description": {
        "text": "Unnamed quest",
        "isTranslationKey": false
      },
      "x": 26,
      "y": 15,
      "icon": {
        "id": "minecraft:oak_log",
        "Count": 1
      },
      "tasks": [
        {
          "type": "hardcorequesting:consume",
          "items": [
            {
              "item": {
                "id": "minecraft:oak_log",
                "Count": 1
              },
              "required": 64
            }
          ]
        }
      ],
      "prerequisites": [],
      "optionlinks": [],
      "reward": [
        {
          "id": "minecraft:oak_log",
          "Count": 64
        },
        {
          "id": "travelersbackpack:bat",
          "Count": 1,
          "tag": "{}"
        },
        {
          "id": "sophisticatedbackpacks:backpack",
          "Count": 1
        }
      ],
      "rewardchoice": [],
      "commandrewards": []
    },
    {
      "uuid": "b5bc6dd8-d6d7-45f4-a329-f6360f3ee903",
      "name": {
        "text": "Unnamed",
        "isTranslationKey": false
      },
      "description": {
        "text": "Unnamed quest",
        "isTranslationKey": false
      },
      "x": 70,
      "y": 15,
      "icon": {
        "id": "minecraft:iron_ingot",
        "Count": 1
      },
      "tasks": [
        {
          "type": "hardcorequesting:consume",
          "items": [
            {
              "item": {
                "id": "minecraft:iron_ingot",
                "Count": 1
              },
              "required": 64
            }
          ]
        }
      ],
      "prerequisites": [],
      "optionlinks": [],
      "reward": [
        {
          "id": "minecraft:iron_ingot",
          "Count": 127
        }
      ],
      "rewardchoice": [],
      "commandrewards": []
    },
    {
      "uuid": "7661e043-5265-40fe-9fc9-1c79ca2ab8c6",
      "name": {
        "text": "Unnamed",
        "isTranslationKey": false
      },
      "description": {
        "text": "Unnamed quest",
        "isTranslationKey": false
      },
      "x": 114,
      "y": 14,
      "icon": {
        "id": "minecraft:diamond",
        "Count": 1
      },
      "tasks": [
        {
          "type": "hardcorequesting:consume",
          "items": [
            {
              "item": {
                "id": "minecraft:diamond",
                "Count": 1
              }
            }
          ]
        }
      ],
      "prerequisites": [],
      "optionlinks": [],
      "reward": [
        {
          "id": "minecraft:diamond",
          "Count": 1
        },
        {
          "id": "minecraft:diamond_block",
          "Count": 1
        },
        {
          "id": "botanypotstiers:ultra_terracotta_botany_pot",
          "Count": 1
        }
      ],
      "rewardchoice": [],
      "commandrewards": []
    }
  ],
  "reputationBar": []
}